feature,mean,std,n_fit,constant_flag
bridge_epi_like_mean,0.4349939531846466,0.06475998850738385,4,False
bridge_fibroblast_mean,0.05768545323694322,0.0031833272800510654,4,False
bridge_smooth_myoepi_mean,0.019131403806138474,0.004018817646969257,4,False
bridge_ECM_mean,0.3601900607120741,0.06370761249376125,4,False
