feature,mean,std,n_fit,constant_flag
bridge_epi_like_mean,0.4361099642237579,0.06291843406176521,4,False
bridge_fibroblast_mean,0.05695864969641462,0.0032330906463839447,4,False
bridge_smooth_myoepi_mean,0.019309386572396073,0.003690310964241909,4,False
bridge_ECM_mean,0.3579999562149111,0.05394085086067199,4,False
